INSERT INTO roles(name)
VALUES ('ROLE_USER'),
        ('ROLE_ADMIN');

INSERT INTO company_dimension (ticker_id,company_name,employees,sector,industry)
VALUES ('TAL1T','TALLINK GRUPP',null,'Transportation','Marine Shipping'),
       ('TSM1T','TALLINNA SADAM',null,'Transportation','Other Transportation'),
       ('TKM1T','TALLINNA KAUBAMAJA GRUPP',null,'Retail Trade','Food Retail'),
       ('LHV1T','LHV GROUP',449,'Finance','Financial Conglomerates'),
       ('TVEAT','TALLINNA VESI',325,'Utilities','Water Utilities'),
       ('MRK1T','MERKO EHITUS',null,'Industrial Services','Engineering & Construction'),
       ('HAE1T','HARJU ELEKTER',791,'Producer Manufacturing','Electrical Products'),
       ('PKG1T','PRO KAPITAL GRUPP',null,'Finance','Real Estate Development'),
       ('NCN1T','NORDECON',null,'Industrial Services','Engineering & Construction'),
       ('EEG1T','EKSPRESS GRUPP',null,'Consumer Services','Publishing: Books/Magazines'),
       ('ARC1T','ARCO VARA',null,'Finance','Real Estate Development'),
       ('BLT1T','BALTIKA',null,'Consumer Non-Durables','Apparel/Footwear'),
       ('CPA1T','COOP PANK',null,'Finance','Regional Banks'),
       ('EFT1T','EFTEN REAL ESTATE FUND III',12,'Miscellaneous','Investment Trusts/Mutual Funds'),
       ('PRF1T','PRFOODS',345,'Consumer Non-Durables','Food: Major Diversified'),
       ('SFG1T','SILVANO FASHION GROUP',null,'Consumer Non-Durables','Apparel/Footwear');

INSERT INTO financials_daily (ticker_id,price,div_yield,mkt_cap,p_e,price_rev,p_b,ev_ebitda,ev,chg,weekly_perf,monthly_perf,three_month_perf,six_month_perf,ytd_perf,yearly_perf,one_y_beta,volatility)
VALUES ('TAL1T',0.662,null,411308,9.68,0.43,0.4815,8.01,1160000,0.0195,-0.0063,-0.3129,-0.3485,-0.3362,-0.3566,-0.3843,1.26,0.0225),
       ('TSM1T',1.67,0.0859,410280,9.36,3.14,1.38,9.39,694718,0.016,0.0292,-0.168,-0.2035,-0.1954,-0.2015,-0.2696,1.04,0.016),
       ('TKM1T',7.66,0.0966,339682,10.91,0.47,1.59,7.88,526185,0.0106,-0.0821,-0.1611,-0.1556,-0.0663,-0.1461,-0.1364,0.56,0.016),
       ('LHV1T',10.45,0.0197,274298,10.71,2.84,1.7,-19.04,-816729,0.0633,0.0354,-0.2176,-0.1598,-0.1458,-0.1458,-0.042,1.23,0.0676),
       ('TVEAT',11.75,0.0644,233000,8.39,3.67,2.03,6.77,261764,-0.0043,-0.0128,-0.0413,0.0043,0.0642,-0.0085,0.0741,0.51,0.0086),
       ('MRK1T',7.4,0.0912,116466,7.16,0.36,1.27,10.78,209220,0.0578,-0.0029,-0.2564,-0.2825,-0.2418,-0.258,-0.2998,1.08,0.0571),
       ('HAE1T',3.79,0.05,64041,26.03,0.45,1.11,13.01,88898,0.0111,0.0028,-0.1122,-0.1839,-0.1271,-0.1354,-0.2587,0.98,0.0111),
       ('PKG1T',0.74,null,38264,null,0.69,1.11,21.74,191237,0.0074,-0.0423,-0.3704,-0.5108,-0.4887,-0.5108,-0.5802,1.07,0.0303),
       ('NCN1T',0.875,null,26484,7.45,0.11,0.86,null,null,0.0364,0.024,-0.2083,-0.1699,-0.1186,-0.1699,-0.1094,1.11,0.0788),
       ('EEG1T',0.62,null,19208,13.78,0.28,0.48,7.16,45363,-0.0543,0,-0.2651,-0.2606,-0.2179,-0.2606,-0.3679,0.8,0.0932),
       ('ARC1T',1.03,0.0105,8683,25.87,0.69,0.77,21.62,22381,0.0521,0.0521,-0.1721,-0.1368,-0.0472,-0.114,-0.1062,1.23,0.1204),
       ('BLT1T',0.098,null,5300,null,0.13,4.4764,6.74,29035,-0.006,0.0421,-0.1951,-0.2721,-0.2326,-0.2667,-0.8783,0.82,0.0081),
       ('CPA1T',0.973,null,101000,15.78,3.89,1.54,null,null,0.01994,0.003728606,-0.235938959,-0.254886365,-0.204826025,-0.24482,-0.31947115,1.11,0.0503837),
       ('EFT1T',14.7,0.0693,76000,6.68,5.45,0.81,null,null,0.01773,0.003316353,-0.209852367,-0.226704853,-0.182179435,-0.21775,-0.28414882,0.99,0.0448131),
       ('PRF1T',0.4,null,14696,null,0.1743,0.6914,12.1007,35737,0.01747,0.003266667,-0.206708333,-0.223308333,-0.17945,-0.21449,-0.27989167,0.97,0.0441417),
       ('SFG1T',1.535,0.214286,50400,4.6964,0.8851,1.9146,4.8218,85090,0.01892,0.003538522,-0.223910808,-0.241892276,-0.194384008,-0.23234,-0.30318453,1.06,0.0478152);

INSERT INTO financials_quarterly (ticker_id,current_ratio,debt_to_equity,net_debt,quick_ratio,assets,debt,current_assets,eps_fy,eps_ttm,eps_diluted_ttm,ebitda,gross_profit_mrq,gross_profit_fy,revenue,eps_diluted_fy,annual_revenue,income,gross_mrq,operating_mrq,pretax_mrq,net_mrq,div_paid,div_per_share,roa,roe,shares)
VALUES ('TAL1T',0.51,0.69,526584,0.36,1564000,564821,139767,0.06,0.06,0.06,157691,86682,175469,949723,0.06,949723,40049,0.2027,0.0691,0.0544,0.0448,-20096,0.12,0.0274,0.0507,669882),
       ('TSM1T',1.48,0.55,172663,1.47,625532,207846,46347,0.17,0.17,0.17,73999,8928,50963,130536,0.17,130536,44404,0.4382,0.3904,0.3825,0.3402,-34970,null,0.0711,0.1193,263000),
       ('TKM1T',1,0.9,163695,0.41,522313,204324,135838,0.76,0.76,0.76,66783,23752,83647,717223,0.76,717223,31137,0.1127,0.0504,0.0522,0.0434,-28917,0.73,0.0667,0.1373,40729),
       ('LHV1T',0,0.49,-1171000,null,3032000,100643,null,0.91,0.92,0.9,42163,18528,69422,98612,0.89,98612,24797,0.7074,0.3179,0.3179,0.2515,-5463,0.19,0.0105,0.1399,28454),
       ('TVEAT',5.48,0.8,27764,5.44,262855,92539,72518,1.39,1.39,1.39,34025,7796,33264,63423,1.39,63423,27760,0.5245,0.4402,0.4936,0.4377,-14965,null,0.1083,0.2543,20000),
       ('MRK1T',2.44,0.47,38977,0.76,281827,63726,241492,0.92,0.92,0.92,20053,13924,34821,326779,0.92,326779,16270,0.1099,0.0538,0.0568,0.0498,-17772,null,0.059,0.1242,17700),
       ('HAE1T',1.46,0.29,14328,0.88,107899,19206,48012,0.14,0.14,0.14,6827,3995,17356,143397,0.14,143397,2460,0.1272,0.0231,0.0222,0.0172,-3193,null,0.0239,0.0367,17740),
       ('PKG1T',0,1.71,112014,0,210821,122630,null,-0.47,-0.47,-0.47,9229,4054,15749,55353,-0.47,55353,-26915,0.285,-0.0887,-0.5263,-0.4863,null,null,-0.1181,-0.3179,56688),
       ('NCN1T',1.01,0.84,20352,0.68,118601,27384,68503,0.11,0.11,0.11,null,4042,11763,233508,0.11,233508,3367,0.0592,0.0177,0.0185,0.0144,-2360,null,0.0302,0.1084,31529),
       ('EEG1T',0.9,0.47,20695,0.76,95407,24342,19472,0.05,0.05,0.05,6332,5025,11744,67456,0.05,67456,1394,0.1988,0.0335,0.0281,0.0207,null,null,0.0162,0.0273,29779),
       ('ARC1T',0,0.93,11450,null,28754,12320,null,0.04,0.04,0.04,1084,1451,1921,13246,0.04,13246,388,0.1557,0.0289,0.0289,0.0289,-90,null,0.0125,0.0298,8998),
       ('BLT1T',0.76,18.29,21734,0.08,27319,21998,8557,-0.16,-0.33,-0.33,4699,2963,12893,39711,-0.16,39711,-5909,0.3247,-0.0739,-0.1486,-0.1488,null,null,-0.2792,-9.3039,54080),
       ('CPA1T',0,0,null,null,446280,null,null,null,null,null,null,null,null,19900,0.05,19900,null,null,null,null,0.2389,null,null,0.0116,0.1008,89456),
       ('EFT1T',0,0,null,null,132830,null,null,null,2.05,2.05,null,9180,null,9510,2.05,9510,7740,0.9654,null,null,0.8134,null,null,0.0641,0.1272,4222),
       ('PRF1T',0.8648,0.8772,17770,0.3471,60493,20450,null,-0.0387,-0.0204,-0.0204,3058,4208,11429,85727,-0.0387,85727,-1458,0.1279,0.0033,-0.0036,-0.009,-377,null,-0.012,-0.0328,37683),
       ('SFG1T',2.6722,0.2923,3543,0.7649,46309,8695,null,0.3,0.2981,0.2981,7647,6994,29651,56943,0.3,56943,10663,0.5673,0.2345,0.2666,0.1873,-7710,null,0.2323,0.3965,36000);

